{
  "date": "2020-11-09T19:22:22.997Z",
  "title": "Quais acessórios devo comprar",
  "description": "Lorem ipsum dolor sit amet, consectetuer adipiscing elit. Donec odio. Quisque volutpat mattis eros. Nullam malesuada erat ut turpis. Suspendisse urna nibh, viverra non, semper suscipit, posuere a, pede.\n\nDonec nec justo eget felis facilisis fermentum. Aliquam porttitor mauris sit amet orci. Aenean dignissim pellentesque felis.\n\nMorbi in sem quis dui placerat ornare. Pellentesque odio nisi, euismod in, pharetra a, ultricies in, diam. Sed arcu. Cras consequat.",
  "sections": [
    {
      "type": "custom-content",
      "markdown": "Praesent dapibus, neque id cursus faucibus, tortor neque egestas auguae, eu vulputate magna eros eu erat. Aliquam erat volutpat. Nam dui mi, tincidunt quis, accumsan porttitor, facilisis luctus, metus.\n\nPhasellus ultrices nulla quis nibh. Quisque a lectus. Donec consectetuer ligula vulputate sem tristique cursus. Nam nulla quam, gravida non, commodo a, sodales sit amet, nisi."
    },
    {
      "type": "collection-shelf",
      "shuffle": true,
      "limit": 1,
      "page": 1,
      "headless": true,
      "sort": "news"
    }
  ],
  "thumbnail": "/img/uploads/img.png",
  "meta_title": "O que comprar para fazer um bom café em casa?",
  "meta_description": "Quais acessórios são importantes para extrair um bom café especial ou gourmet em casa, com a mesma qualidade das cafeterias? Clique aqui e descubra!"
}