{
  "marketing_stripe": {
    "text": "Todo site até 6X s/ juros | 5% OFF em boleto ou Pix",
    "link": "",
    "background": "#c68164",
    "color": "#fde9ce"
  },
  "contacts_stripe": {
    "pages": [
      {
        "title": "Inicial",
        "link": "duasxicaras.netlify.app"
      },
      {
        "title": "Sobre nós",
        "link": "/pages/sobre-nos"
      },
      {
        "title": "Blog",
        "link": "duasxicaras.netlify.app/blog"
      }
    ],
    "phone_wpp": true,
    "socials": true
  },
  "categories_list": {
    "featured": [
      "/cafes?Cafés",
      "/cafeteiras-e-metodos?Cafeteiras e Métodos",
      "/acessorios?Acessórios",
      "/moedores?Moedores",
      "/filtros-e-suprimentos?Filtros e Suprimentos",
      "/outras-bebidas?Outras Bebidas",
      "/kits-e-presentes?Kits e Presentes",
      "/promocoes?Promoções"
    ],
    "random": 6,
    "full_width": true
  },
  "search_input": true
}