{
  "assetsByChunkName": {
    "vendors~app-account~app-confirmation~app-order": [
      "chunk.edcab32e0604318a1f62.js",
      "chunk.edcab32e0604318a1f62.js.map"
    ],
    "vendors~app-account~app-checkout": [
      "chunk.95e8a5bb610d00333627.js",
      "chunk.95e8a5bb610d00333627.js.map"
    ],
    "vendors~app-cart~app-checkout": [
      "chunk.455f27d20ea5db6ea363.js",
      "chunk.455f27d20ea5db6ea363.js.map"
    ],
    "admin": [
      "admin.2384d64d5f95e6dae248.js",
      "admin.2384d64d5f95e6dae248.js.map"
    ],
    "app-account": [
      "chunk.dc55c93f7a58a3491b46.js",
      "chunk.dc55c93f7a58a3491b46.js.map"
    ],
    "app-cart": [
      "chunk.12b594b34e1e1dd3b3a2.js",
      "chunk.12b594b34e1e1dd3b3a2.js.map"
    ],
    "app-confirmation": [
      "chunk.5fbfcba499dc937b13d3.js",
      "chunk.5fbfcba499dc937b13d3.js.map"
    ],
    "app-order": [
      "chunk.98c1879eb5654b84edf0.js",
      "chunk.98c1879eb5654b84edf0.js.map"
    ],
    "checkout": [
      "checkout.f9e2c912ea3ce1a934b3.js",
      "checkout.f9e2c912ea3ce1a934b3.js.map"
    ],
    "storefront": [
      "storefront.78ae993811ff690aaf8d.css",
      "storefront.4007b1c622bda1ce0ac6.js",
      "storefront.78ae993811ff690aaf8d.css.map",
      "storefront.4007b1c622bda1ce0ac6.js.map"
    ],
    "vendors~app-checkout": [
      "chunk.9ddd47baebe1ca9e1951.js",
      "chunk.9ddd47baebe1ca9e1951.js.map"
    ]
  }
}